"Epic_ID","Epic_Title","Total_Tasks","Completed_Tasks","Progress_Percentage"
"EPIC-01","Foundation: Database, Auth & Hosting Infrastructure","16","16","100%"
"EPIC-02","Candidate Portal: Notification Feed, Detail Pages & Search","17","0","0%"
"EPIC-03","Admin HITL Verification Portal & Audit System","9","0","0%"
"EPIC-04","AI Extraction Engine & Multi-Source Government Scrapers","7","0","0%"
"EPIC-05","Candidate Subscriptions & Omnichannel Push Alert Engine","9","0","0%"
"EPIC-06","File Storage, Caching & CDN Infrastructure","3","0","0%"
"EPIC-07","Observability, Analytics & Error Monitoring","4","0","0%"
"EPIC-08","Public REST API & OpenAPI Documentation","3","0","0%"
"EPIC-09","Testing, QA & Lighthouse Performance Validation","7","0","0%"
