"Epic_ID","Epic_Title","Feature_ID","Feature_Title","Story_ID","Story_Title","Task_ID","Task_Title","Subtask_ID","Subtask_Title","Assigned_Agent","Priority","Estimated_Effort","Status","Dependencies","Acceptance_Criteria","Sprint","Reviewer","Review_Status","Completed_Date","Comments"
"EPIC-01","Foundation: Database, Auth & Hosting Infrastructure","FEAT-0101","Supabase PostgreSQL Database Schema & Migrations","STORY-010101","As a developer, I need the core PostgreSQL schema deployed so all application tables exist with proper types and constraints.","TASK-01010101","Create Enum Types (exam_category_enum, notification_status_enum, draft_status_enum)","SUB-0101010101","Define exam_category_enum with 8 values","Solution Architect","P0","10 minutes","COMPLETED","","Enum type exists and accepts all 8 values","Sprint 1","Architecture Reviewer","APPROVED","2026-09-04","CREATE TYPE exam_category_enum covering all government exam categories."
"EPIC-01","Foundation: Database, Auth & Hosting Infrastructure","FEAT-0101","Supabase PostgreSQL Database Schema & Migrations","STORY-010101","As a developer, I need the core PostgreSQL schema deployed so all application tables exist with proper types and constraints.","TASK-01010101","Create Enum Types (exam_category_enum, notification_status_enum, draft_status_enum)","SUB-0101010102","Define notification_status_enum (draft, under_review, published, archived)","Solution Architect","P0","10 minutes","COMPLETED","","Enum type exists and accepts 4 values","Sprint 1","Architecture Reviewer","APPROVED","2026-09-04","CREATE TYPE for notification lifecycle status tracking."
"EPIC-01","Foundation: Database, Auth & Hosting Infrastructure","FEAT-0101","Supabase PostgreSQL Database Schema & Migrations","STORY-010101","As a developer, I need the core PostgreSQL schema deployed so all application tables exist with proper types and constraints.","TASK-01010101","Create Enum Types (exam_category_enum, notification_status_enum, draft_status_enum)","SUB-0101010103","Define draft_status_enum (pending_review, approved, rejected)","Solution Architect","P0","10 minutes","COMPLETED","","Enum type exists and accepts 3 values","Sprint 1","Architecture Reviewer","APPROVED","2026-09-04","CREATE TYPE for HITL draft verification workflow states."
"EPIC-01","Foundation: Database, Auth & Hosting Infrastructure","FEAT-0101","Supabase PostgreSQL Database Schema & Migrations","STORY-010101","As a developer, I need the core PostgreSQL schema deployed so all application tables exist with proper types and constraints.","TASK-01010102","Create Core Tables: exams, notifications, draft_notifications, user_subscriptions, audit_logs","SUB-0101010201","Create public.exams table","Solution Architect","P0","30 minutes","COMPLETED","SUB-0101010101","Table exists with all columns, slug has UNIQUE constraint","Sprint 1","Architecture Reviewer","APPROVED","2026-09-04","Master exam table with UUID PK, slug unique index, conducting_body, category enum, state_or_central, official_website, logo_url."
"EPIC-01","Foundation: Database, Auth & Hosting Infrastructure","FEAT-0101","Supabase PostgreSQL Database Schema & Migrations","STORY-010101","As a developer, I need the core PostgreSQL schema deployed so all application tables exist with proper types and constraints.","TASK-01010102","Create Core Tables: exams, notifications, draft_notifications, user_subscriptions, audit_logs","SUB-0101010202","Create public.notifications table","Solution Architect","P0","45 minutes","COMPLETED","SUB-0101010201","Table exists with all columns, slug has UNIQUE constraint, FK to exams cascades","Sprint 1","Architecture Reviewer","APPROVED","2026-09-04","Exam notification records with FK to exams, JSONB syllabus_summary, TEXT[] qualification_required and selection_process arrays, status enum, verified_by FK to auth.users."
"EPIC-01","Foundation: Database, Auth & Hosting Infrastructure","FEAT-0101","Supabase PostgreSQL Database Schema & Migrations","STORY-010101","As a developer, I need the core PostgreSQL schema deployed so all application tables exist with proper types and constraints.","TASK-01010102","Create Core Tables: exams, notifications, draft_notifications, user_subscriptions, audit_logs","SUB-0101010203","Create public.draft_notifications table","Solution Architect","P0","30 minutes","COMPLETED","SUB-0101010102","Table exists, confidence_score defaults to 0.00, parsed_json defaults to empty JSONB","Sprint 1","Architecture Reviewer","APPROVED","2026-09-04","AI scraper output queue with source_url, raw_extracted_text, parsed_json JSONB, extraction_confidence_score NUMERIC(5,2), draft_status_enum."
"EPIC-01","Foundation: Database, Auth & Hosting Infrastructure","FEAT-0101","Supabase PostgreSQL Database Schema & Migrations","STORY-010101","As a developer, I need the core PostgreSQL schema deployed so all application tables exist with proper types and constraints.","TASK-01010102","Create Core Tables: exams, notifications, draft_notifications, user_subscriptions, audit_logs","SUB-0101010204","Create public.user_subscriptions table","Solution Architect","P0","30 minutes","COMPLETED","TASK-01010101","Table exists, preferred_channels defaults to ARRAY['web_push'], FK to auth.users cascades","Sprint 1","Architecture Reviewer","APPROVED","2026-09-04","Candidate alert preferences with preferred_channels TEXT[], telegram_chat_id, whatsapp_phone_number, fcm_device_token, subscribed_exam_ids UUID[], subscribed_categories enum[], subscribed_states TEXT[]."
"EPIC-01","Foundation: Database, Auth & Hosting Infrastructure","FEAT-0101","Supabase PostgreSQL Database Schema & Migrations","STORY-010101","As a developer, I need the core PostgreSQL schema deployed so all application tables exist with proper types and constraints.","TASK-01010102","Create Core Tables: exams, notifications, draft_notifications, user_subscriptions, audit_logs","SUB-0101010205","Create public.audit_logs table","Solution Architect","P0","15 minutes","COMPLETED","TASK-01010101","Table exists, no UPDATE or DELETE operations permitted by candidate roles","Sprint 1","Architecture Reviewer","APPROVED","2026-09-04","Immutable security audit trail with admin_id FK, action TEXT, target_entity TEXT, target_id UUID, metadata JSONB."
"EPIC-01","Foundation: Database, Auth & Hosting Infrastructure","FEAT-0101","Supabase PostgreSQL Database Schema & Migrations","STORY-010101","As a developer, I need the core PostgreSQL schema deployed so all application tables exist with proper types and constraints.","TASK-01010103","Create Performance Indexes on notifications, exams, draft_notifications","SUB-0101010301","Create notification indexes (status, exam_id, dates)","Solution Architect","P0","20 minutes","COMPLETED","SUB-0101010202","All 3 indexes exist and are used by query planner","Sprint 1","Architecture Reviewer","APPROVED","2026-09-04","Three B-tree indexes for the most common notification query patterns: filtering by status, joining to exams, and sorting/filtering by deadline."
"EPIC-01","Foundation: Database, Auth & Hosting Infrastructure","FEAT-0101","Supabase PostgreSQL Database Schema & Migrations","STORY-010101","As a developer, I need the core PostgreSQL schema deployed so all application tables exist with proper types and constraints.","TASK-01010103","Create Performance Indexes on notifications, exams, draft_notifications","SUB-0101010302","Create exam indexes (category, state)","Solution Architect","P0","10 minutes","COMPLETED","SUB-0101010201","Both indexes exist","Sprint 1","Architecture Reviewer","APPROVED","2026-09-04","B-tree indexes for category and state_or_central filter performance."
"EPIC-01","Foundation: Database, Auth & Hosting Infrastructure","FEAT-0101","Supabase PostgreSQL Database Schema & Migrations","STORY-010101","As a developer, I need the core PostgreSQL schema deployed so all application tables exist with proper types and constraints.","TASK-01010103","Create Performance Indexes on notifications, exams, draft_notifications","SUB-0101010303","Create draft_notifications status index","Solution Architect","P0","10 minutes","COMPLETED","SUB-0101010203","Index exists","Sprint 1","Architecture Reviewer","APPROVED","2026-09-04","B-tree index on draft_notifications(status) for HITL queue filtering."
"EPIC-01","Foundation: Database, Auth & Hosting Infrastructure","FEAT-0101","Supabase PostgreSQL Database Schema & Migrations","STORY-010102","As a security engineer, I need mandatory Row Level Security policies on all tables to enforce RBAC at the database tier.","TASK-01010201","Enable RLS on All 5 Public Tables","SUB-0101020101","Execute ENABLE ROW LEVEL SECURITY on all tables","Solution Architect","P0","15 minutes","COMPLETED","TASK-01010102","All tables show RLS enabled in Supabase dashboard","Sprint 1","Architecture Reviewer","APPROVED","2026-09-04","Run 5 ALTER TABLE statements to activate default-deny RLS."
"EPIC-01","Foundation: Database, Auth & Hosting Infrastructure","FEAT-0101","Supabase PostgreSQL Database Schema & Migrations","STORY-010102","As a security engineer, I need mandatory Row Level Security policies on all tables to enforce RBAC at the database tier.","TASK-01010202","Create Public Read Policies for Candidate Access","SUB-0101020201","CREATE POLICY for public exam read access","Solution Architect","P0","15 minutes","COMPLETED","TASK-01010201","Anonymous user can SELECT from exams","Sprint 1","Architecture Reviewer","APPROVED","2026-09-04","Allow all users to read exam metadata without authentication."
"EPIC-01","Foundation: Database, Auth & Hosting Infrastructure","FEAT-0101","Supabase PostgreSQL Database Schema & Migrations","STORY-010102","As a security engineer, I need mandatory Row Level Security policies on all tables to enforce RBAC at the database tier.","TASK-01010202","Create Public Read Policies for Candidate Access","SUB-0101020202","CREATE POLICY for published notifications read access","Solution Architect","P0","15 minutes","COMPLETED","TASK-01010201","Anonymous user can only SELECT notifications WHERE status = 'published'","Sprint 1","Architecture Reviewer","APPROVED","2026-09-04","Restrict public reads to only published notifications; drafts and archived items are hidden."
"EPIC-01","Foundation: Database, Auth & Hosting Infrastructure","FEAT-0101","Supabase PostgreSQL Database Schema & Migrations","STORY-010102","As a security engineer, I need mandatory Row Level Security policies on all tables to enforce RBAC at the database tier.","TASK-01010203","Create Admin Full Access & User Self-Service RLS Policies","SUB-0101020301","Create Admin Full Access policies on exams, notifications, draft_notifications, audit_logs","Solution Architect","P0","30 minutes","COMPLETED","TASK-01010201","Admin user can INSERT, UPDATE, DELETE on all 4 tables","Sprint 1","Architecture Reviewer","APPROVED","2026-09-04","FOR ALL USING (auth.jwt() ->> 'role' = 'admin') policies granting complete CRUD to admins."
"EPIC-01","Foundation: Database, Auth & Hosting Infrastructure","FEAT-0101","Supabase PostgreSQL Database Schema & Migrations","STORY-010102","As a security engineer, I need mandatory Row Level Security policies on all tables to enforce RBAC at the database tier.","TASK-01010203","Create Admin Full Access & User Self-Service RLS Policies","SUB-0101020302","Create User Subscriptions own-access policy","Solution Architect","P0","15 minutes","COMPLETED","TASK-01010201","Candidate can CRUD only rows WHERE user_id matches their auth.uid()","Sprint 1","Architecture Reviewer","APPROVED","2026-09-04","Candidate users can only read and modify their own subscription preferences."
"EPIC-01","Foundation: Database, Auth & Hosting Infrastructure","FEAT-0102","Supabase Auth Integration & RBAC Role Configuration","STORY-010201","As a candidate, I want to register and log in using Email/Password or Google OAuth so I can save my preferences.","TASK-01020101","Configure Supabase Auth Providers","SUB-0102010101","Enable Email/Password provider with email verification","DevOps Engineer","P0","30 minutes","COMPLETED","","New registrations receive verification email; unverified users cannot log in","Sprint 1","DevOps Reviewer|Security Reviewer","APPROVED","2026-09-04","Configure Supabase Auth Email provider and enable mandatory email confirmation before login."
"EPIC-01","Foundation: Database, Auth & Hosting Infrastructure","FEAT-0102","Supabase Auth Integration & RBAC Role Configuration","STORY-010201","As a candidate, I want to register and log in using Email/Password or Google OAuth so I can save my preferences.","TASK-01020101","Configure Supabase Auth Providers","SUB-0102010102","Configure Google OAuth 2.0 provider","DevOps Engineer","P0","45 minutes","COMPLETED","","Google login button initiates OAuth flow and returns to callback URL","Sprint 1","DevOps Reviewer|Security Reviewer","APPROVED","2026-09-04","Create Google Cloud OAuth consent screen and credentials; store client ID/secret as environment variables."
"EPIC-01","Foundation: Database, Auth & Hosting Infrastructure","FEAT-0102","Supabase Auth Integration & RBAC Role Configuration","STORY-010201","As a candidate, I want to register and log in using Email/Password or Google OAuth so I can save my preferences.","TASK-01020101","Configure Supabase Auth Providers","SUB-0102010103","Enable Magic Link passwordless provider","DevOps Engineer","P1","30 minutes","COMPLETED","","Magic Link email sent and clicking it authenticates the user","Sprint 1","DevOps Reviewer|Security Reviewer","APPROVED","2026-09-04","Configure Supabase Magic Link email template for passwordless registration/login."
"EPIC-01","Foundation: Database, Auth & Hosting Infrastructure","FEAT-0102","Supabase Auth Integration & RBAC Role Configuration","STORY-010201","As a candidate, I want to register and log in using Email/Password or Google OAuth so I can save my preferences.","TASK-01020102","Build Supabase Auth Client Wrappers (Browser, Server, Middleware)","SUB-0102010201","Create lib/supabase/client.ts (browser client)","Frontend Engineer","P0","1 hour","READY","TASK-01020101","Client component can call supabase.auth.getUser() successfully","Sprint 1","Code Reviewer","PENDING","","Singleton browser Supabase client using @supabase/ssr createBrowserClient with env vars."
"EPIC-01","Foundation: Database, Auth & Hosting Infrastructure","FEAT-0102","Supabase Auth Integration & RBAC Role Configuration","STORY-010201","As a candidate, I want to register and log in using Email/Password or Google OAuth so I can save my preferences.","TASK-01020102","Build Supabase Auth Client Wrappers (Browser, Server, Middleware)","SUB-0102010202","Create lib/supabase/server.ts (server client)","Frontend Engineer","P0","1 hour","READY","TASK-01020101","Server Component can query database with authenticated user context","Sprint 1","Code Reviewer","PENDING","","Server-side Supabase client using @supabase/ssr createServerClient with cookies() for RSC data fetching."
"EPIC-01","Foundation: Database, Auth & Hosting Infrastructure","FEAT-0102","Supabase Auth Integration & RBAC Role Configuration","STORY-010201","As a candidate, I want to register and log in using Email/Password or Google OAuth so I can save my preferences.","TASK-01020102","Build Supabase Auth Client Wrappers (Browser, Server, Middleware)","SUB-0102010203","Create lib/supabase/middleware.ts (session refresh)","Frontend Engineer","P0","1 hour","READY","TASK-01020101","Expired sessions are silently refreshed; users are not logged out unexpectedly","Sprint 1","Code Reviewer","PENDING","","Middleware utility that refreshes expired JWT tokens on every request to prevent session drops."
"EPIC-01","Foundation: Database, Auth & Hosting Infrastructure","FEAT-0102","Supabase Auth Integration & RBAC Role Configuration","STORY-010201","As a candidate, I want to register and log in using Email/Password or Google OAuth so I can save my preferences.","TASK-01020103","Build Auth UI Pages (Login, Register, Forgot Password, Callback)","SUB-0102010301","Create /auth/login page","Frontend Engineer","P0","2 hours","READY","TASK-01020102","Form validates, submits, and redirects to / on success","Sprint 1","Code Reviewer|Performance Reviewer","PENDING","","Login form with Email/Password fields and Google OAuth button. Zod validation on email format and password length."
"EPIC-01","Foundation: Database, Auth & Hosting Infrastructure","FEAT-0102","Supabase Auth Integration & RBAC Role Configuration","STORY-010201","As a candidate, I want to register and log in using Email/Password or Google OAuth so I can save my preferences.","TASK-01020103","Build Auth UI Pages (Login, Register, Forgot Password, Callback)","SUB-0102010302","Create /auth/register page","Frontend Engineer","P0","2 hours","READY","TASK-01020102","Form creates user in Supabase and shows email verification prompt","Sprint 1","Code Reviewer|Performance Reviewer","PENDING","","Registration form with name, email, password, confirm password fields. Zod schema enforces min 8-char password."
"EPIC-01","Foundation: Database, Auth & Hosting Infrastructure","FEAT-0102","Supabase Auth Integration & RBAC Role Configuration","STORY-010201","As a candidate, I want to register and log in using Email/Password or Google OAuth so I can save my preferences.","TASK-01020103","Build Auth UI Pages (Login, Register, Forgot Password, Callback)","SUB-0102010303","Create /auth/forgot-password page","Frontend Engineer","P1","1 hour","READY","TASK-01020102","Reset email sent and user can set new password","Sprint 1","Code Reviewer|Performance Reviewer","PENDING","","Email input form that triggers Supabase password reset email."
"EPIC-01","Foundation: Database, Auth & Hosting Infrastructure","FEAT-0102","Supabase Auth Integration & RBAC Role Configuration","STORY-010201","As a candidate, I want to register and log in using Email/Password or Google OAuth so I can save my preferences.","TASK-01020103","Build Auth UI Pages (Login, Register, Forgot Password, Callback)","SUB-0102010304","Create /auth/callback route handler","Frontend Engineer","P0","1 hour","READY","TASK-01020102","OAuth flow completes without errors; session cookie is set","Sprint 1","Code Reviewer|Performance Reviewer","PENDING","","API route that exchanges OAuth authorization code for session cookies and redirects to homepage."
"EPIC-01","Foundation: Database, Auth & Hosting Infrastructure","FEAT-0102","Supabase Auth Integration & RBAC Role Configuration","STORY-010202","As a system admin, I need JWT custom claims to carry role information for database RLS enforcement.","TASK-01020201","Create PL/pgSQL Function & Trigger for Default Role Assignment","SUB-0102020101","Write set_user_role PL/pgSQL function","Solution Architect","P0","1.5 hours","READY","TASK-01010201","Function executes without errors and updates metadata correctly","Sprint 1","Architecture Reviewer","PENDING","","Function that updates auth.users.raw_app_meta_data with a role key."
"EPIC-01","Foundation: Database, Auth & Hosting Infrastructure","FEAT-0102","Supabase Auth Integration & RBAC Role Configuration","STORY-010202","As a system admin, I need JWT custom claims to carry role information for database RLS enforcement.","TASK-01020201","Create PL/pgSQL Function & Trigger for Default Role Assignment","SUB-0102020102","Create auth.users INSERT trigger for default role","Solution Architect","P0","1 hour","READY","SUB-0102020101","New user signup results in JWT containing role = 'candidate'","Sprint 1","Architecture Reviewer","PENDING","","Trigger that automatically calls set_user_role on new user creation."
"EPIC-01","Foundation: Database, Auth & Hosting Infrastructure","FEAT-0102","Supabase Auth Integration & RBAC Role Configuration","STORY-010202","As a system admin, I need JWT custom claims to carry role information for database RLS enforcement.","TASK-01020202","Build Next.js Middleware for Role-Based Route Protection","SUB-0102020201","Create middleware.ts with route matchers and role checks","Frontend Engineer","P0","2.5 hours","READY","TASK-01020102|TASK-01020201","Middleware intercepts admin routes and validates JWT role claim","Sprint 1","Code Reviewer","PENDING","","Next.js middleware checking session and role claims with matcher config for /admin/* routes."
"EPIC-01","Foundation: Database, Auth & Hosting Infrastructure","FEAT-0102","Supabase Auth Integration & RBAC Role Configuration","STORY-010202","As a system admin, I need JWT custom claims to carry role information for database RLS enforcement.","TASK-01020202","Build Next.js Middleware for Role-Based Route Protection","SUB-0102020202","Implement returnTo redirect preservation","Frontend Engineer","P1","1 hour","READY","SUB-0102020201","After login, user is redirected to the original /admin/* page they tried to access","Sprint 1","Code Reviewer","PENDING","","Append returnTo query param to login redirect so users land on their intended page after auth."
"EPIC-01","Foundation: Database, Auth & Hosting Infrastructure","FEAT-0103","Next.js 15 Project Scaffolding & Vercel Deployment Pipeline","STORY-010301","As a developer, I need a CI/CD pipeline from GitHub to Vercel with automatic preview deployments.","TASK-01030101","Initialize Next.js 15 App Router Project","SUB-0103010101","Run npx create-next-app with App Router, TypeScript, Tailwind flags","DevOps Engineer","P0","30 minutes","READY","","Project directory created with app/ directory structure","Sprint 1","DevOps Reviewer|Security Reviewer","PENDING","","Initialize project using latest Next.js 15 scaffolding with non-interactive flags."
"EPIC-01","Foundation: Database, Auth & Hosting Infrastructure","FEAT-0103","Next.js 15 Project Scaffolding & Vercel Deployment Pipeline","STORY-010301","As a developer, I need a CI/CD pipeline from GitHub to Vercel with automatic preview deployments.","TASK-01030101","Initialize Next.js 15 App Router Project","SUB-0103010102","Configure tsconfig.json strict mode and path aliases","DevOps Engineer","P0","30 minutes","READY","SUB-0103010101","import from '@/lib/...' resolves correctly","Sprint 1","DevOps Reviewer|Security Reviewer","PENDING","","Enable all strict TypeScript checks and set up @/ path alias for clean imports."
"EPIC-01","Foundation: Database, Auth & Hosting Infrastructure","FEAT-0103","Next.js 15 Project Scaffolding & Vercel Deployment Pipeline","STORY-010301","As a developer, I need a CI/CD pipeline from GitHub to Vercel with automatic preview deployments.","TASK-01030101","Initialize Next.js 15 App Router Project","SUB-0103010103","Create .env.local.example with all required env var placeholders","DevOps Engineer","P0","30 minutes","READY","","File exists in repo, .env.local is in .gitignore","Sprint 1","DevOps Reviewer|Security Reviewer","PENDING","","Document every env var needed: NEXT_PUBLIC_SUPABASE_URL, NEXT_PUBLIC_SUPABASE_ANON_KEY, SUPABASE_SERVICE_ROLE_KEY, UPSTASH_REDIS_REST_URL, SENTRY_DSN, etc."
"EPIC-01","Foundation: Database, Auth & Hosting Infrastructure","FEAT-0103","Next.js 15 Project Scaffolding & Vercel Deployment Pipeline","STORY-010301","As a developer, I need a CI/CD pipeline from GitHub to Vercel with automatic preview deployments.","TASK-01030102","Connect GitHub Repository to Vercel & Configure Environment Variables","SUB-0103010201","Link GitHub repo and configure branch deployment rules","DevOps Engineer","P0","30 minutes","READY","TASK-01030101","Vercel dashboard shows linked repo with correct branch settings","Sprint 1","DevOps Reviewer|Security Reviewer","PENDING","","Import repo into Vercel, set main as production branch and enable preview for all PRs."
"EPIC-01","Foundation: Database, Auth & Hosting Infrastructure","FEAT-0103","Next.js 15 Project Scaffolding & Vercel Deployment Pipeline","STORY-010301","As a developer, I need a CI/CD pipeline from GitHub to Vercel with automatic preview deployments.","TASK-01030102","Connect GitHub Repository to Vercel & Configure Environment Variables","SUB-0103010202","Set all environment variables in Vercel Dashboard","DevOps Engineer","P0","30 minutes","READY","SUB-0103010201","Deployed app can connect to Supabase and Redis without errors","Sprint 1","DevOps Reviewer|Security Reviewer","PENDING","","Populate Supabase URL/keys, Upstash Redis credentials, Sentry DSN, GA4 ID, and PostHog key for production and preview environments."
"EPIC-01","Foundation: Database, Auth & Hosting Infrastructure","FEAT-0103","Next.js 15 Project Scaffolding & Vercel Deployment Pipeline","STORY-010301","As a developer, I need a CI/CD pipeline from GitHub to Vercel with automatic preview deployments.","TASK-01030103","Configure OWASP Security Headers in next.config.js","SUB-0103010301","Add security headers to next.config.js headers() function","DevOps Engineer","P0","1.5 hours","READY","TASK-01030101","curl -I shows all security headers present","Sprint 1","DevOps Reviewer|Security Reviewer","PENDING","","Configure all OWASP-recommended response headers for production hardening."
"EPIC-01","Foundation: Database, Auth & Hosting Infrastructure","FEAT-0104","Upstash Redis Cache & Rate Limiter Setup","STORY-010401","As a platform operator, I need Redis-backed rate limiting on public API endpoints to prevent abuse.","TASK-01040101","Provision Upstash Redis Instance & Store Credentials","SUB-0104010101","Create Upstash Redis instance and store credentials","DevOps Engineer","P1","30 minutes","READY","","Environment variables set in .env.local and Vercel","Sprint 1","DevOps Reviewer|Security Reviewer","PENDING","","Provision global Redis instance on Upstash console and add REST URL/token to environment variables."
"EPIC-01","Foundation: Database, Auth & Hosting Infrastructure","FEAT-0104","Upstash Redis Cache & Rate Limiter Setup","STORY-010401","As a platform operator, I need Redis-backed rate limiting on public API endpoints to prevent abuse.","TASK-01040102","Implement Sliding Window Rate Limiter Using @upstash/ratelimit","SUB-0104010201","Create lib/rate-limit.ts with @upstash/ratelimit","Backend Engineer","P1","1.5 hours","READY","TASK-01040101","Function returns { success: boolean, limit, remaining, reset }","Sprint 1","Performance Reviewer|Security Reviewer","PENDING","","Sliding window rate limiter: 60 requests per 60-second window, keyed by client IP."
"EPIC-01","Foundation: Database, Auth & Hosting Infrastructure","FEAT-0104","Upstash Redis Cache & Rate Limiter Setup","STORY-010401","As a platform operator, I need Redis-backed rate limiting on public API endpoints to prevent abuse.","TASK-01040102","Implement Sliding Window Rate Limiter Using @upstash/ratelimit","SUB-0104010202","Apply rate limiter to /api/v1/search and /api/v1/notifications","Backend Engineer","P1","1 hour","READY","SUB-0104010201","Rapid requests to /api/v1/search receive 429 after limit exceeded","Sprint 1","Performance Reviewer|Security Reviewer","PENDING","","Wrap public API route handlers with rate limit check; return 429 on excess."
"EPIC-02","Candidate Portal: Notification Feed, Detail Pages & Search","FEAT-0201","Global Application Shell & Design System","STORY-020101","As a candidate, I want a consistent, modern app shell so I can navigate the portal intuitively on any device.","TASK-02010101","Create Global Design System (globals.css) with Color Palette, Typography & Spacing Tokens","SUB-0201010101","Define color palette CSS variables for light and dark modes","UI/UX Designer","P0","1.5 hours","READY","","Colors defined, contrast ratios >= 4.5:1 for text","Sprint 1","Design Reviewer","PENDING","","HSL-based harmonious palette with semantic naming. Dark mode variants for all base colors."
"EPIC-02","Candidate Portal: Notification Feed, Detail Pages & Search","FEAT-0201","Global Application Shell & Design System","STORY-020101","As a candidate, I want a consistent, modern app shell so I can navigate the portal intuitively on any device.","TASK-02010101","Create Global Design System (globals.css) with Color Palette, Typography & Spacing Tokens","SUB-0201010102","Define typography scale and font loading via next/font/google","UI/UX Designer","P0","1 hour","READY","","Fonts loaded without FOUT; fallback system fonts specified","Sprint 1","Design Reviewer","PENDING","","Import Inter (body) and Outfit (headings) with proper weights and display swap."
"EPIC-02","Candidate Portal: Notification Feed, Detail Pages & Search","FEAT-0201","Global Application Shell & Design System","STORY-020101","As a candidate, I want a consistent, modern app shell so I can navigate the portal intuitively on any device.","TASK-02010101","Create Global Design System (globals.css) with Color Palette, Typography & Spacing Tokens","SUB-0201010103","Define spacing, border-radius, and shadow tokens","UI/UX Designer","P1","30 minutes","READY","","All tokens defined and documented in globals.css","Sprint 1","Design Reviewer","PENDING","","Spacing scale (4px base), border radius scale, and 3-level shadow hierarchy."
"EPIC-02","Candidate Portal: Notification Feed, Detail Pages & Search","FEAT-0201","Global Application Shell & Design System","STORY-020101","As a candidate, I want a consistent, modern app shell so I can navigate the portal intuitively on any device.","TASK-02010102","Build Root Layout (app/layout.tsx) with Header & Footer Components","SUB-0201010201","Create Header component with logo, nav links, and search trigger","Frontend Engineer","P0","2 hours","READY","TASK-02010101","Header renders correctly on mobile and desktop viewports","Sprint 1","Code Reviewer","PENDING","","Responsive header: desktop shows full nav, mobile shows hamburger toggle. All elements have unique ids."
"EPIC-02","Candidate Portal: Notification Feed, Detail Pages & Search","FEAT-0201","Global Application Shell & Design System","STORY-020101","As a candidate, I want a consistent, modern app shell so I can navigate the portal intuitively on any device.","TASK-02010102","Build Root Layout (app/layout.tsx) with Header & Footer Components","SUB-0201010202","Create Footer component with legal links","Frontend Engineer","P1","1 hour","READY","TASK-02010101","Footer renders on all pages with consistent styling","Sprint 1","Code Reviewer","PENDING","","Footer with About UPA-GURU, Privacy Policy, Terms of Service, Contact links."
"EPIC-02","Candidate Portal: Notification Feed, Detail Pages & Search","FEAT-0201","Global Application Shell & Design System","STORY-020101","As a candidate, I want a consistent, modern app shell so I can navigate the portal intuitively on any device.","TASK-02010102","Build Root Layout (app/layout.tsx) with Header & Footer Components","SUB-0201010203","Create Mobile Navigation Menu (slide-out/overlay)","Frontend Engineer","P0","1.5 hours","READY","SUB-0201010201","Menu opens/closes with animation; body scroll locked when open","Sprint 1","Code Reviewer","PENDING","","Animated slide-out menu for mobile viewports with smooth open/close transitions."
"EPIC-02","Candidate Portal: Notification Feed, Detail Pages & Search","FEAT-0202","Homepage Notification Feed with Filters & Pagination","STORY-020201","As a candidate, I want to browse exam notifications with filters so I can find relevant exams quickly.","TASK-02020101","Create Supabase Data Access Function: getPublishedNotifications()","SUB-0202010101","Define TypeScript interfaces for notification list/detail types","Frontend Engineer","P0","1 hour","READY","FEAT-0102","Types match schema-v1.sql columns exactly","Sprint 3","Code Reviewer","PENDING","","Create types/notifications.ts with NotificationListItem and NotificationDetail interfaces matching schema."
"EPIC-02","Candidate Portal: Notification Feed, Detail Pages & Search","FEAT-0202","Homepage Notification Feed with Filters & Pagination","STORY-020201","As a candidate, I want to browse exam notifications with filters so I can find relevant exams quickly.","TASK-02020101","Create Supabase Data Access Function: getPublishedNotifications()","SUB-0202010102","Implement getPublishedNotifications() with Supabase query builder","Frontend Engineer","P0","2 hours","READY","SUB-0202010101","Function returns correct results with all filter combinations","Sprint 3","Code Reviewer","PENDING","","Query notifications table with status='published' filter, optional .eq/.textSearch chains, .order, .range for pagination."
"EPIC-02","Candidate Portal: Notification Feed, Detail Pages & Search","FEAT-0202","Homepage Notification Feed with Filters & Pagination","STORY-020201","As a candidate, I want to browse exam notifications with filters so I can find relevant exams quickly.","TASK-02020102","Build NotificationCard Server Component","SUB-0202010201","Create NotificationCard.tsx with deadline countdown logic","Frontend Engineer","P0","2 hours","READY","","Card renders correctly with all states: normal, urgent, expired","Sprint 3","Code Reviewer","PENDING","","Server component with days-remaining calculation, conditional urgency styling, and responsive grid-friendly layout."
"EPIC-02","Candidate Portal: Notification Feed, Detail Pages & Search","FEAT-0202","Homepage Notification Feed with Filters & Pagination","STORY-020201","As a candidate, I want to browse exam notifications with filters so I can find relevant exams quickly.","TASK-02020102","Build NotificationCard Server Component","SUB-0202010202","Create SkeletonCard loading placeholder","Frontend Engineer","P1","45 minutes","READY","SUB-0202010201","Skeleton matches card dimensions to prevent layout shift (CLS)","Sprint 3","Code Reviewer","PENDING","","Shimmer skeleton matching NotificationCard dimensions for Suspense fallback."
"EPIC-02","Candidate Portal: Notification Feed, Detail Pages & Search","FEAT-0202","Homepage Notification Feed with Filters & Pagination","STORY-020201","As a candidate, I want to browse exam notifications with filters so I can find relevant exams quickly.","TASK-02020103","Build Interactive Filter Bar Client Component","SUB-0202010301","Create FilterBar.tsx with category pills","Frontend Engineer","P0","2 hours","READY","","Clicking pill updates URL and shows active state","Sprint 3","Code Reviewer","PENDING","","'use client' component rendering toggleable pill buttons for each exam_category_enum value."
"EPIC-02","Candidate Portal: Notification Feed, Detail Pages & Search","FEAT-0202","Homepage Notification Feed with Filters & Pagination","STORY-020201","As a candidate, I want to browse exam notifications with filters so I can find relevant exams quickly.","TASK-02020103","Build Interactive Filter Bar Client Component","SUB-0202010302","Add state filter dropdown and clear-all button","Frontend Engineer","P1","1.5 hours","READY","SUB-0202010301","State dropdown and clear button work correctly","Sprint 3","Code Reviewer","PENDING","","Dropdown for Indian state selection and button to reset all active filters."
"EPIC-02","Candidate Portal: Notification Feed, Detail Pages & Search","FEAT-0202","Homepage Notification Feed with Filters & Pagination","STORY-020201","As a candidate, I want to browse exam notifications with filters so I can find relevant exams quickly.","TASK-02020104","Build Paginated Homepage Page Component (app/(portal)/page.tsx)","SUB-0202010401","Assemble homepage with Suspense boundary, FilterBar, and card grid","Frontend Engineer","P0","2 hours","READY","TASK-02020101|TASK-02020102|TASK-02020103","Homepage renders complete feed with working filters","Sprint 3","Code Reviewer|Performance Reviewer","PENDING","","Wire up all components in the homepage page.tsx with proper data flow."
"EPIC-02","Candidate Portal: Notification Feed, Detail Pages & Search","FEAT-0202","Homepage Notification Feed with Filters & Pagination","STORY-020201","As a candidate, I want to browse exam notifications with filters so I can find relevant exams quickly.","TASK-02020104","Build Paginated Homepage Page Component (app/(portal)/page.tsx)","SUB-0202010402","Create Pagination component with page number navigation","Frontend Engineer","P0","1.5 hours","READY","TASK-02020101|TASK-02020102|TASK-02020103","Pagination shows correct page count and navigates correctly","Sprint 3","Code Reviewer|Performance Reviewer","PENDING","","Client component rendering page numbers with active state, updating ?page= URL param."
"EPIC-02","Candidate Portal: Notification Feed, Detail Pages & Search","FEAT-0203","Notification Detail Page with JSON-LD & PDF Download","STORY-020301","As a candidate, I want to see complete exam notification details so I can understand eligibility and apply.","TASK-02030101","Create getNotificationBySlug() Data Access Function","SUB-0203010101","Implement getNotificationBySlug() with exam join","Frontend Engineer","P0","1 hour","READY","TASK-02020101","Returns full notification with embedded exam data","Sprint 3","Code Reviewer","PENDING","","Query notifications table with .eq('slug', slug) and .select('*, exams(*)') join."
"EPIC-02","Candidate Portal: Notification Feed, Detail Pages & Search","FEAT-0203","Notification Detail Page with JSON-LD & PDF Download","STORY-020301","As a candidate, I want to see complete exam notification details so I can understand eligibility and apply.","TASK-02030102","Build Notification Detail Page (app/notification/[slug]/page.tsx)","SUB-0203010201","Create detail page layout with sections for dates, eligibility, vacancies","Frontend Engineer","P0","3 hours","READY","TASK-02030101","All sections render with correct data","Sprint 3","Code Reviewer","PENDING","","Responsive detail page with sidebar dates table, eligibility list, selection process steps, and syllabus accordion."
"EPIC-02","Candidate Portal: Notification Feed, Detail Pages & Search","FEAT-0203","Notification Detail Page with JSON-LD & PDF Download","STORY-020301","As a candidate, I want to see complete exam notification details so I can understand eligibility and apply.","TASK-02030102","Build Notification Detail Page (app/notification/[slug]/page.tsx)","SUB-0203010202","Add Apply Online and Download PDF action buttons","Frontend Engineer","P0","1 hour","READY","SUB-0203010201","Buttons link to correct URLs; disabled state if URLs are null","Sprint 3","Code Reviewer","PENDING","","Prominent CTA buttons linking to applyOnlineUrl and officialPdfUrl."
"EPIC-02","Candidate Portal: Notification Feed, Detail Pages & Search","FEAT-0203","Notification Detail Page with JSON-LD & PDF Download","STORY-020301","As a candidate, I want to see complete exam notification details so I can understand eligibility and apply.","TASK-02030102","Build Notification Detail Page (app/notification/[slug]/page.tsx)","SUB-0203010203","Add related notifications section","Frontend Engineer","P2","1.5 hours","READY","SUB-0203010201","Related notifications show from same category, excluding current","Sprint 3","Code Reviewer","PENDING","","Query 3-4 notifications from same exam category and display as horizontal card carousel."
"EPIC-02","Candidate Portal: Notification Feed, Detail Pages & Search","FEAT-0203","Notification Detail Page with JSON-LD & PDF Download","STORY-020301","As a candidate, I want to see complete exam notification details so I can understand eligibility and apply.","TASK-02030103","Implement generateMetadata() & JSON-LD for /notification/[slug]","SUB-0203010301","Implement generateMetadata() with dynamic title, description, OG tags","SEO Engineer","P0","2 hours","READY","TASK-02030101","Page title, description, and OG image rendered correctly in HTML head","Sprint 3","SEO Reviewer","PENDING","","Exported metadata generator reading notification data for SEO optimization."
"EPIC-02","Candidate Portal: Notification Feed, Detail Pages & Search","FEAT-0203","Notification Detail Page with JSON-LD & PDF Download","STORY-020301","As a candidate, I want to see complete exam notification details so I can understand eligibility and apply.","TASK-02030103","Implement generateMetadata() & JSON-LD for /notification/[slug]","SUB-0203010302","Create JobPosting and Event JSON-LD schema generator","SEO Engineer","P0","2 hours","READY","TASK-02030101","JSON-LD passes Google Rich Results Test with zero errors","Sprint 3","SEO Reviewer","PENDING","","lib/seo/json-ld.ts exporting functions that produce Schema.org compliant JobPosting and Event JSON-LD objects."
"EPIC-02","Candidate Portal: Notification Feed, Detail Pages & Search","FEAT-0203","Notification Detail Page with JSON-LD & PDF Download","STORY-020301","As a candidate, I want to see complete exam notification details so I can understand eligibility and apply.","TASK-02030104","Implement generateStaticParams() for ISR Pre-rendering","SUB-0203010401","Create generateStaticParams() function querying top 100 slugs","Frontend Engineer","P1","1 hour","READY","TASK-02030102","Build generates 100 static HTML pages","Sprint 3","Code Reviewer","PENDING","","Fetch most recent 100 published notification slugs for build-time pre-rendering."
"EPIC-02","Candidate Portal: Notification Feed, Detail Pages & Search","FEAT-0204","Full-Text Search with Debounced Input & Results Page","STORY-020401","As a candidate, I want to search for exams by keyword so I can find specific notifications quickly.","TASK-02040101","Create PostgreSQL GIN Index for Full-Text Search","SUB-0204010101","Create GIN tsvector index on notifications.title","Solution Architect","P0","1 hour","READY","FEAT-0101","Index exists and is utilized by search query plan","Sprint 3","Architecture Reviewer","PENDING","","CREATE INDEX idx_notifications_fts ON notifications USING GIN(to_tsvector('english', title));"
"EPIC-02","Candidate Portal: Notification Feed, Detail Pages & Search","FEAT-0204","Full-Text Search with Debounced Input & Results Page","STORY-020401","As a candidate, I want to search for exams by keyword so I can find specific notifications quickly.","TASK-02040102","Build SearchBar Client Component with Debounced Input","SUB-0204010201","Create SearchBar.tsx with debounced input and URL sync","Frontend Engineer","P0","2 hours","READY","","Search input updates URL after 300ms pause in typing","Sprint 3","Code Reviewer","PENDING","","'use client' component using useSearchParams and setTimeout debounce pattern."
"EPIC-02","Candidate Portal: Notification Feed, Detail Pages & Search","FEAT-0204","Full-Text Search with Debounced Input & Results Page","STORY-020401","As a candidate, I want to search for exams by keyword so I can find specific notifications quickly.","TASK-02040103","Build Search Results Page (app/search/page.tsx)","SUB-0204010301","Implement searchNotifications() using Supabase .textSearch()","Frontend Engineer","P0","1 hour","READY","TASK-02040101|TASK-02040102","Function returns ranked results matching search query","Sprint 3","Code Reviewer","PENDING","","lib/data/notifications.ts function using .textSearch('title', query) with pagination."
"EPIC-02","Candidate Portal: Notification Feed, Detail Pages & Search","FEAT-0204","Full-Text Search with Debounced Input & Results Page","STORY-020401","As a candidate, I want to search for exams by keyword so I can find specific notifications quickly.","TASK-02040103","Build Search Results Page (app/search/page.tsx)","SUB-0204010302","Assemble search results page with SearchBar and cards grid","Frontend Engineer","P0","2 hours","READY","SUB-0204010301","Page renders search results correctly for all query states","Sprint 3","Code Reviewer","PENDING","","Server page component composing SearchBar, result count, and NotificationCard grid."
"EPIC-02","Candidate Portal: Notification Feed, Detail Pages & Search","FEAT-0205","Programmatic SEO Landing Pages & Dynamic Sitemaps","STORY-020501","As a search engine, I need programmatic landing pages for every category, state, and exam to index targeted content.","TASK-02050101","Build /category/[category] Programmatic Route","SUB-0205010101","Create /category/[category]/page.tsx with metadata and static params","Frontend Engineer","P1","3 hours","READY","TASK-02020101","Page renders filtered notifications for selected category","Sprint 3","Code Reviewer","PENDING","","Server page with generateStaticParams for 8 categories and category-filtered notification feed."
"EPIC-02","Candidate Portal: Notification Feed, Detail Pages & Search","FEAT-0205","Programmatic SEO Landing Pages & Dynamic Sitemaps","STORY-020501","As a search engine, I need programmatic landing pages for every category, state, and exam to index targeted content.","TASK-02050102","Build /state/[state] Programmatic Route","SUB-0205010201","Create /state/[state]/page.tsx with state-filtered feed","Frontend Engineer","P1","2.5 hours","READY","TASK-02020101","Page renders state-filtered results with correct metadata","Sprint 3","Code Reviewer","PENDING","","Server page filtering notifications by state_or_central field."
"EPIC-02","Candidate Portal: Notification Feed, Detail Pages & Search","FEAT-0205","Programmatic SEO Landing Pages & Dynamic Sitemaps","STORY-020501","As a search engine, I need programmatic landing pages for every category, state, and exam to index targeted content.","TASK-02050103","Build /exam/[slug] Programmatic Route","SUB-0205010301","Create /exam/[slug]/page.tsx with exam-grouped notifications","Frontend Engineer","P1","2.5 hours","READY","TASK-02020101","Exam page shows all related notifications grouped","Sprint 3","Code Reviewer","PENDING","","Server page querying exams by slug and listing associated notifications."
"EPIC-02","Candidate Portal: Notification Feed, Detail Pages & Search","FEAT-0205","Programmatic SEO Landing Pages & Dynamic Sitemaps","STORY-020501","As a search engine, I need programmatic landing pages for every category, state, and exam to index targeted content.","TASK-02050104","Build Dynamic XML Sitemap & Robots.txt","SUB-0205010401","Create app/sitemap.ts with MetadataRoute.Sitemap","SEO Engineer","P1","2 hours","READY","TASK-02050101|TASK-02050102|TASK-02050103","Sitemap includes all public URLs with correct changeFrequency","Sprint 3","SEO Reviewer","PENDING","","Dynamic sitemap querying all published notification slugs, category values, state values, and exam slugs."
"EPIC-02","Candidate Portal: Notification Feed, Detail Pages & Search","FEAT-0205","Programmatic SEO Landing Pages & Dynamic Sitemaps","STORY-020501","As a search engine, I need programmatic landing pages for every category, state, and exam to index targeted content.","TASK-02050104","Build Dynamic XML Sitemap & Robots.txt","SUB-0205010402","Create app/robots.ts with crawl directives","SEO Engineer","P1","30 minutes","READY","TASK-02050101|TASK-02050102|TASK-02050103","robots.txt accessible and correctly formatted","Sprint 3","SEO Reviewer","PENDING","","Robots configuration allowing all crawlers, referencing sitemap URL, disallowing /admin/* and /auth/*."
"EPIC-03","Admin HITL Verification Portal & Audit System","FEAT-0301","Admin Dashboard Layout & Navigation Shell","STORY-030101","As an admin, I want a dedicated dashboard layout so I can efficiently manage the verification pipeline.","TASK-03010101","Create Admin Layout (app/admin/layout.tsx) with Sidebar Navigation","SUB-0301010101","Create AdminSidebar component with nav links","Frontend Engineer","P0","2 hours","READY","TASK-01020202","All nav links render with active state indication","Sprint 2","Code Reviewer","PENDING","","Sidebar with links to Dashboard, Draft Queue, Exams, Notifications, Audit Logs. Active link highlighting."
"EPIC-03","Admin HITL Verification Portal & Audit System","FEAT-0301","Admin Dashboard Layout & Navigation Shell","STORY-030101","As an admin, I want a dedicated dashboard layout so I can efficiently manage the verification pipeline.","TASK-03010101","Create Admin Layout (app/admin/layout.tsx) with Sidebar Navigation","SUB-0301010102","Create AdminHeader component with user info and logout","Frontend Engineer","P0","1 hour","READY","TASK-01020202","Header displays admin identity; logout redirects to /auth/login","Sprint 2","Code Reviewer","PENDING","","Header showing logged-in admin name/email and logout button."
"EPIC-03","Admin HITL Verification Portal & Audit System","FEAT-0301","Admin Dashboard Layout & Navigation Shell","STORY-030101","As an admin, I want a dedicated dashboard layout so I can efficiently manage the verification pipeline.","TASK-03010102","Build Admin Dashboard Stats Overview Page (app/admin/page.tsx)","SUB-0301010201","Create StatsCard component and dashboard data fetchers","Frontend Engineer","P0","2 hours","READY","TASK-03010101","Cards show accurate counts","Sprint 2","Code Reviewer","PENDING","","Reusable StatsCard with icon, label, count. Server functions for aggregate queries."
"EPIC-03","Admin HITL Verification Portal & Audit System","FEAT-0302","Draft HITL Review Dashboard & Approval Workflow","STORY-030201","As an admin, I want to review AI-extracted draft notifications so I can verify accuracy before publishing.","TASK-03020101","Create getDraftNotifications() Data Access Function","SUB-0302010101","Implement getDraftNotifications() with status filter and sorting","Frontend Engineer","P0","1.5 hours","READY","FEAT-0101","Returns correct drafts with all fields including parsed_json","Sprint 2","Code Reviewer","PENDING","","Query draft_notifications using admin server client with optional status filter."
"EPIC-03","Admin HITL Verification Portal & Audit System","FEAT-0302","Draft HITL Review Dashboard & Approval Workflow","STORY-030201","As an admin, I want to review AI-extracted draft notifications so I can verify accuracy before publishing.","TASK-03020102","Build Draft Queue Page (app/admin/drafts/page.tsx)","SUB-0302010201","Create DraftCard component with confidence badge","Frontend Engineer","P0","2 hours","READY","TASK-03020101","Badge colors match confidence thresholds","Sprint 2","Code Reviewer","PENDING","","Card showing source URL, extraction date, confidence score badge (green >= 0.90, amber >= 0.85, red < 0.85)."
"EPIC-03","Admin HITL Verification Portal & Audit System","FEAT-0302","Draft HITL Review Dashboard & Approval Workflow","STORY-030201","As an admin, I want to review AI-extracted draft notifications so I can verify accuracy before publishing.","TASK-03020102","Build Draft Queue Page (app/admin/drafts/page.tsx)","SUB-0302010202","Assemble draft queue page with DraftCards list","Frontend Engineer","P0","1.5 hours","READY","SUB-0302010201","Queue page renders correctly with zero, one, and many drafts","Sprint 2","Code Reviewer","PENDING","","Server page rendering filtered DraftCard list with empty state."
"EPIC-03","Admin HITL Verification Portal & Audit System","FEAT-0302","Draft HITL Review Dashboard & Approval Workflow","STORY-030201","As an admin, I want to review AI-extracted draft notifications so I can verify accuracy before publishing.","TASK-03020103","Build Draft Review Page (app/admin/drafts/[id]/page.tsx)","SUB-0302010301","Create RawTextPanel component for left side","Frontend Engineer","P0","1 hour","READY","TASK-03020102","Text renders with scroll; long texts do not break layout","Sprint 2","Code Reviewer","PENDING","","Scrollable panel rendering raw_extracted_text with monospace font."
"EPIC-03","Admin HITL Verification Portal & Audit System","FEAT-0302","Draft HITL Review Dashboard & Approval Workflow","STORY-030201","As an admin, I want to review AI-extracted draft notifications so I can verify accuracy before publishing.","TASK-03020103","Build Draft Review Page (app/admin/drafts/[id]/page.tsx)","SUB-0302010302","Create ParsedFieldsForm component for right side","Frontend Engineer","P0","3 hours","READY","TASK-03020102","Form fields match schema; validation errors shown inline","Sprint 2","Code Reviewer","PENDING","","Editable form pre-populated with parsed_json fields. Zod validation on submit."
"EPIC-03","Admin HITL Verification Portal & Audit System","FEAT-0302","Draft HITL Review Dashboard & Approval Workflow","STORY-030201","As an admin, I want to review AI-extracted draft notifications so I can verify accuracy before publishing.","TASK-03020103","Build Draft Review Page (app/admin/drafts/[id]/page.tsx)","SUB-0302010303","Wire approve and reject buttons to Server Actions","Frontend Engineer","P0","2 hours","READY","SUB-0302010302","Both actions complete, log audit entry, and redirect to queue","Sprint 2","Code Reviewer","PENDING","","Approve calls publishNotificationAction; Reject calls rejectDraftAction with reason textarea."
"EPIC-03","Admin HITL Verification Portal & Audit System","FEAT-0302","Draft HITL Review Dashboard & Approval Workflow","STORY-030201","As an admin, I want to review AI-extracted draft notifications so I can verify accuracy before publishing.","TASK-03020104","Create publishNotificationAction & rejectDraftAction Server Actions","SUB-0302010401","Implement publishNotificationAction with audit logging","Frontend Engineer","P0","2.5 hours","READY","FEAT-0102","Action creates notification, updates draft, logs audit, and invalidates cache","Sprint 2","Code Reviewer|Performance Reviewer","PENDING","","Server Action: Zod parse -> insert notification -> update draft -> write audit_logs -> revalidatePath/Tag."
"EPIC-03","Admin HITL Verification Portal & Audit System","FEAT-0302","Draft HITL Review Dashboard & Approval Workflow","STORY-030201","As an admin, I want to review AI-extracted draft notifications so I can verify accuracy before publishing.","TASK-03020104","Create publishNotificationAction & rejectDraftAction Server Actions","SUB-0302010402","Implement rejectDraftAction with rejection reason","Frontend Engineer","P0","1.5 hours","READY","FEAT-0102","Action marks draft as rejected with reason and logs audit entry","Sprint 2","Code Reviewer","PENDING","","Server Action: Zod parse (including reason string) -> update draft status to 'rejected' -> write audit_logs."
"EPIC-03","Admin HITL Verification Portal & Audit System","FEAT-0303","Exam & Notification CRUD Management","STORY-030301","As an admin, I want to manually manage exams and notifications to handle cases the scrapers miss.","TASK-03030101","Build Exam CRUD Pages (List, Create, Edit)","SUB-0303010101","Create exam list page with search and action buttons","Frontend Engineer","P1","2 hours","READY","TASK-03010101","Table renders with sortable columns and action buttons","Sprint 2","Code Reviewer","PENDING","","Table view of exams with columns: name, category, state, notification count, and edit/archive actions."
"EPIC-03","Admin HITL Verification Portal & Audit System","FEAT-0303","Exam & Notification CRUD Management","STORY-030301","As an admin, I want to manually manage exams and notifications to handle cases the scrapers miss.","TASK-03030101","Build Exam CRUD Pages (List, Create, Edit)","SUB-0303010102","Create exam create/edit form with Zod validation","Frontend Engineer","P1","2.5 hours","READY","TASK-03010101","Form validates with Zod, creates/updates exam, and logs audit","Sprint 2","Code Reviewer","PENDING","","Form with fields: name, slug, conducting_body, category, state_or_central, official_website."
"EPIC-03","Admin HITL Verification Portal & Audit System","FEAT-0303","Exam & Notification CRUD Management","STORY-030301","As an admin, I want to manually manage exams and notifications to handle cases the scrapers miss.","TASK-03030102","Build Notification CRUD Pages (Manual Create, Edit)","SUB-0303010201","Create notification create/edit form with exam selector","Frontend Engineer","P1","3 hours","READY","TASK-03030101","Form creates/updates notification with correct exam linkage","Sprint 2","Code Reviewer","PENDING","","Form with all notification fields, exam dropdown selector, and Zod schema validation."
"EPIC-03","Admin HITL Verification Portal & Audit System","FEAT-0304","Audit Log Viewer","STORY-030401","As a super admin, I want to view the audit log so I can track all administrative actions for accountability.","TASK-03040101","Build Audit Log Viewer Page (app/admin/audit-logs/page.tsx)","SUB-0304010101","Create getAuditLogs() data access function with filters","Frontend Engineer","P1","1.5 hours","READY","TASK-03010101","Function returns typed AuditLogEntry[] with admin email joined","Sprint 2","Code Reviewer","PENDING","","lib/data/audit-logs.ts function querying audit_logs with optional admin_id, action, and date range filters."
"EPIC-03","Admin HITL Verification Portal & Audit System","FEAT-0304","Audit Log Viewer","STORY-030401","As a super admin, I want to view the audit log so I can track all administrative actions for accountability.","TASK-03040101","Build Audit Log Viewer Page (app/admin/audit-logs/page.tsx)","SUB-0304010102","Create audit log table component with sortable columns","Frontend Engineer","P1","2.5 hours","READY","SUB-0304010101","Table renders correctly with all columns and pagination","Sprint 2","Code Reviewer","PENDING","","Table component with columns: timestamp, admin, action, entity, target_id, metadata preview."
"EPIC-04","AI Extraction Engine & Multi-Source Government Scrapers","FEAT-0401","Python Scraper Infrastructure & Crawler Modules","STORY-040101","As a platform operator, I need automated crawlers that detect new government exam notifications daily.","TASK-04010101","Initialize FastAPI Scraper Project Structure","SUB-0401010101","Create scraper/ project with main.py, requirements.txt","Backend Engineer","P0","1.5 hours","READY","","uvicorn main:app runs without errors","Sprint 2","Code Reviewer|Security Reviewer","PENDING","","FastAPI app entrypoint with uvicorn, health endpoint, and dependency list."
"EPIC-04","AI Extraction Engine & Multi-Source Government Scrapers","FEAT-0401","Python Scraper Infrastructure & Crawler Modules","STORY-040101","As a platform operator, I need automated crawlers that detect new government exam notifications daily.","TASK-04010101","Initialize FastAPI Scraper Project Structure","SUB-0401010102","Create Dockerfile with Playwright Chromium dependencies","Backend Engineer","P0","1.5 hours","READY","SUB-0401010101","Docker container builds and /health returns 200","Sprint 2","Code Reviewer|Security Reviewer","PENDING","","Multi-stage Docker build installing Python, Playwright, and Chromium browser."
"EPIC-04","AI Extraction Engine & Multi-Source Government Scrapers","FEAT-0401","Python Scraper Infrastructure & Crawler Modules","STORY-040101","As a platform operator, I need automated crawlers that detect new government exam notifications daily.","TASK-04010102","Build KPSC Crawler Module (crawlers/kpsc.py)","SUB-0401010201","Implement KPSC page navigation and PDF link extraction","Backend Engineer","P0","4 hours","READY","TASK-04010101","Script returns list of PDF URLs from current KPSC page","Sprint 2","Code Reviewer|Security Reviewer","PENDING","","Playwright script navigating notification listing page and extracting all PDF URLs."
"EPIC-04","AI Extraction Engine & Multi-Source Government Scrapers","FEAT-0401","Python Scraper Infrastructure & Crawler Modules","STORY-040101","As a platform operator, I need automated crawlers that detect new government exam notifications daily.","TASK-04010102","Build KPSC Crawler Module (crawlers/kpsc.py)","SUB-0401010202","Implement PDF download and text extraction","Backend Engineer","P0","3 hours","READY","SUB-0401010201","Text extracted from downloaded PDF; OCR fallback for scanned docs","Sprint 2","Code Reviewer|Security Reviewer","PENDING","","Download PDF binary, extract text using PyPDF2 with pdfplumber fallback for complex layouts."
"EPIC-04","AI Extraction Engine & Multi-Source Government Scrapers","FEAT-0401","Python Scraper Infrastructure & Crawler Modules","STORY-040101","As a platform operator, I need automated crawlers that detect new government exam notifications daily.","TASK-04010103","Build UPSC, SSC, RRB Crawler Modules","SUB-0401010301","Build crawlers/upsc.py","Backend Engineer","P0","1 day","READY","TASK-04010102","Crawler extracts PDF links from upsc.gov.in","Sprint 2","Code Reviewer|Security Reviewer","PENDING","","UPSC portal crawler for central services notifications."
"EPIC-04","AI Extraction Engine & Multi-Source Government Scrapers","FEAT-0401","Python Scraper Infrastructure & Crawler Modules","STORY-040101","As a platform operator, I need automated crawlers that detect new government exam notifications daily.","TASK-04010103","Build UPSC, SSC, RRB Crawler Modules","SUB-0401010302","Build crawlers/ssc.py","Backend Engineer","P0","1 day","READY","TASK-04010102","Crawler extracts PDF links from ssc.nic.in","Sprint 2","Code Reviewer|Security Reviewer","PENDING","","SSC portal crawler for staff selection notifications."
"EPIC-04","AI Extraction Engine & Multi-Source Government Scrapers","FEAT-0401","Python Scraper Infrastructure & Crawler Modules","STORY-040101","As a platform operator, I need automated crawlers that detect new government exam notifications daily.","TASK-04010103","Build UPSC, SSC, RRB Crawler Modules","SUB-0401010303","Build crawlers/rrb.py","Backend Engineer","P1","1 day","READY","TASK-04010102","Crawler handles multiple regional RRB sites","Sprint 2","Code Reviewer|Security Reviewer","PENDING","","RRB regional portal crawler for railway recruitment notifications."
"EPIC-04","AI Extraction Engine & Multi-Source Government Scrapers","FEAT-0401","Python Scraper Infrastructure & Crawler Modules","STORY-040101","As a platform operator, I need automated crawlers that detect new government exam notifications daily.","TASK-04010104","Implement Redis Deduplication & APScheduler Cron Jobs","SUB-0401010401","Implement Redis-based PDF hash deduplication","Backend Engineer","P0","2 hours","READY","TASK-04010102","Duplicate PDFs are skipped with log message","Sprint 2","Code Reviewer|Security Reviewer","PENDING","","Check Redis for lock key before processing; set lock after successful extraction."
"EPIC-04","AI Extraction Engine & Multi-Source Government Scrapers","FEAT-0401","Python Scraper Infrastructure & Crawler Modules","STORY-040101","As a platform operator, I need automated crawlers that detect new government exam notifications daily.","TASK-04010104","Implement Redis Deduplication & APScheduler Cron Jobs","SUB-0401010402","Configure APScheduler daily cron jobs per source","Backend Engineer","P0","1.5 hours","READY","SUB-0401010401","Scheduler triggers crawl functions at correct times","Sprint 2","Code Reviewer|Security Reviewer","PENDING","","Schedule KPSC at 06:00 IST, UPSC at 07:00, SSC at 08:00, RRB at 09:00."
"EPIC-04","AI Extraction Engine & Multi-Source Government Scrapers","FEAT-0402","Gemini LLM Structured Extraction Pipeline","STORY-040201","As a platform operator, I need AI-powered PDF parsing that extracts structured exam data with measurable accuracy.","TASK-04020101","Define Pydantic Extraction Output Schema","SUB-0402010101","Create NotificationExtractedData Pydantic model","Backend Engineer","P0","1.5 hours","READY","","Model validates sample JSON correctly","Sprint 2","Code Reviewer|Security Reviewer","PENDING","","Fields: title, conducting_body, notification_number, vacancies, dates, qualifications, age limits, selection process."
"EPIC-04","AI Extraction Engine & Multi-Source Government Scrapers","FEAT-0402","Gemini LLM Structured Extraction Pipeline","STORY-040201","As a platform operator, I need AI-powered PDF parsing that extracts structured exam data with measurable accuracy.","TASK-04020102","Build Gemini Extraction Function with Structured Outputs","SUB-0402010201","Implement Gemini API call with Structured Output config","Backend Engineer","P0","2.5 hours","READY","TASK-04020101","API returns valid JSON matching schema","Sprint 2","Code Reviewer|Security Reviewer","PENDING","","Use google-generativeai SDK with response_mime_type='application/json' and response_schema."
"EPIC-04","AI Extraction Engine & Multi-Source Government Scrapers","FEAT-0402","Gemini LLM Structured Extraction Pipeline","STORY-040201","As a platform operator, I need AI-powered PDF parsing that extracts structured exam data with measurable accuracy.","TASK-04020102","Build Gemini Extraction Function with Structured Outputs","SUB-0402010202","Implement confidence scoring algorithm","Backend Engineer","P0","1.5 hours","READY","SUB-0402010201","Score accurately reflects extraction completeness","Sprint 2","Code Reviewer|Security Reviewer","PENDING","","Score = weighted sum of non-null core fields (title=0.15, dates=0.15, vacancies=0.15, qualifications=0.15, conducting_body=0.10, ...)."
"EPIC-04","AI Extraction Engine & Multi-Source Government Scrapers","FEAT-0402","Gemini LLM Structured Extraction Pipeline","STORY-040201","As a platform operator, I need AI-powered PDF parsing that extracts structured exam data with measurable accuracy.","TASK-04020103","Build Draft Insertion Pipeline (Extraction â†’ Supabase Insert)","SUB-0402010301","Implement end-to-end extraction pipeline function","Backend Engineer","P0","2 hours","READY","TASK-04020102","Draft appears in admin queue with all fields populated","Sprint 2","Code Reviewer|Security Reviewer","PENDING","","Orchestration function: receive raw text â†’ call Gemini â†’ calculate score â†’ insert Supabase draft."
"EPIC-05","Candidate Subscriptions & Omnichannel Push Alert Engine","FEAT-0501","Subscription Preference Center UI","STORY-050101","As a candidate, I want to customize my alert preferences so I only receive relevant exam notifications.","TASK-05010101","Build Subscription Preference Page (app/preferences/page.tsx)","SUB-0501010101","Create CategorySelector and StateSelector components","Frontend Engineer","P1","2 hours","READY","TASK-01020102","Components render with correct values and toggle state","Sprint 4","Code Reviewer","PENDING","","Multi-select chip component for categories and dropdown for states."
"EPIC-05","Candidate Subscriptions & Omnichannel Push Alert Engine","FEAT-0501","Subscription Preference Center UI","STORY-050101","As a candidate, I want to customize my alert preferences so I only receive relevant exam notifications.","TASK-05010101","Build Subscription Preference Page (app/preferences/page.tsx)","SUB-0501010102","Create ChannelPreference checkboxes and save action","Frontend Engineer","P1","3 hours","READY","SUB-0501010101","Preferences saved correctly; page loads with existing preferences","Sprint 4","Code Reviewer","PENDING","","Checkboxes for Web Push, Telegram, WhatsApp, Email. Server Action to upsert user_subscriptions."
"EPIC-05","Candidate Subscriptions & Omnichannel Push Alert Engine","FEAT-0502","FCM Web Push Notification Integration","STORY-050201","As a candidate, I want to receive browser push notifications for new exam alerts.","TASK-05020101","Configure Firebase Project & Service Worker","SUB-0502010101","Create Firebase project and obtain FCM credentials","Backend Engineer","P1","1 hour","READY","","Credentials stored as environment variables","Sprint 4","Code Reviewer|Security Reviewer","PENDING","","Firebase console setup, obtain FIREBASE_SERVER_KEY and client config."
"EPIC-05","Candidate Subscriptions & Omnichannel Push Alert Engine","FEAT-0502","FCM Web Push Notification Integration","STORY-050201","As a candidate, I want to receive browser push notifications for new exam alerts.","TASK-05020101","Configure Firebase Project & Service Worker","SUB-0502010102","Create firebase-messaging-sw.js service worker","Backend Engineer","P1","2 hours","READY","SUB-0502010101","Service worker receives and displays push notifications","Sprint 4","Performance Reviewer|Security Reviewer","PENDING","","Service worker handling background push events and notification display."
"EPIC-05","Candidate Subscriptions & Omnichannel Push Alert Engine","FEAT-0502","FCM Web Push Notification Integration","STORY-050201","As a candidate, I want to receive browser push notifications for new exam alerts.","TASK-05020102","Build FCM Push Dispatch Function (lib/push/fcm.ts)","SUB-0502010201","Implement sendFcmPush() using Firebase Admin SDK","Backend Engineer","P1","2.5 hours","READY","TASK-05020101","Push received on subscribed browser","Sprint 4","Code Reviewer|Security Reviewer","PENDING","","Function accepting device tokens array, title, body, and URL; sends multicast FCM message."
"EPIC-05","Candidate Subscriptions & Omnichannel Push Alert Engine","FEAT-0503","Telegram Bot Alert Integration","STORY-050301","As a candidate, I want to receive exam alerts on Telegram for instant mobile notifications.","TASK-05030101","Create Telegram Bot & Webhook Handler","SUB-0503010101","Register Telegram Bot and configure webhook URL","Backend Engineer","P1","1 hour","READY","","Webhook URL configured and receiving updates","Sprint 4","Code Reviewer|Security Reviewer","PENDING","","BotFather bot creation and setWebhook API call."
"EPIC-05","Candidate Subscriptions & Omnichannel Push Alert Engine","FEAT-0503","Telegram Bot Alert Integration","STORY-050301","As a candidate, I want to receive exam alerts on Telegram for instant mobile notifications.","TASK-05030101","Create Telegram Bot & Webhook Handler","SUB-0503010102","Implement /start command handler and chat_id storage","Backend Engineer","P1","2 hours","READY","SUB-0503010101","chat_id persisted in database after /start","Sprint 4","Code Reviewer|Security Reviewer","PENDING","","Webhook handler parsing Telegram updates and storing chat_id in user_subscriptions."
"EPIC-05","Candidate Subscriptions & Omnichannel Push Alert Engine","FEAT-0503","Telegram Bot Alert Integration","STORY-050301","As a candidate, I want to receive exam alerts on Telegram for instant mobile notifications.","TASK-05030102","Build Telegram Broadcast Dispatch Function (lib/push/telegram.ts)","SUB-0503010201","Implement sendTelegramBroadcast() with MarkdownV2 formatting","Backend Engineer","P1","2.5 hours","READY","TASK-05030101","Message renders correctly without MarkdownV2 parsing errors","Sprint 4","Code Reviewer|Security Reviewer","PENDING","","Format notification data as Telegram MarkdownV2 with emoji and links; send via Telegram Bot API."
"EPIC-05","Candidate Subscriptions & Omnichannel Push Alert Engine","FEAT-0504","WhatsApp Business API & Email Digest Integration","STORY-050401","As a candidate, I want WhatsApp and email alerts as additional notification channels.","TASK-05040101","Build WhatsApp Business API Dispatch (lib/push/whatsapp.ts)","SUB-0504010101","Implement sendWhatsAppTemplate() function","Backend Engineer","P2","3 hours","READY","","Template message delivered successfully","Sprint 4","Code Reviewer|Security Reviewer","PENDING","","Call WhatsApp Business API with approved template and parameter values."
"EPIC-05","Candidate Subscriptions & Omnichannel Push Alert Engine","FEAT-0504","WhatsApp Business API & Email Digest Integration","STORY-050401","As a candidate, I want WhatsApp and email alerts as additional notification channels.","TASK-05040102","Build Email Digest Function (lib/push/email.ts)","SUB-0504010201","Implement sendEmailDigest() using Resend SDK","Backend Engineer","P2","3 hours","READY","","Email delivered with correct notification links","Sprint 4","Code Reviewer|Security Reviewer","PENDING","","Build HTML email template and send via Resend API with notification data."
"EPIC-05","Candidate Subscriptions & Omnichannel Push Alert Engine","FEAT-0505","Omnichannel Dispatch Orchestrator","STORY-050501","As a platform operator, I need a centralized dispatch engine that sends alerts across all channels when a notification is published.","TASK-05050101","Build Notification Published Webhook Handler","SUB-0505010101","Create webhook route handler with authentication","Backend Engineer","P1","2 hours","READY","TASK-03020104","Webhook authenticates and parses payload correctly","Sprint 4","Code Reviewer|Security Reviewer","PENDING","","API route validating webhook secret and parsing notification payload."
"EPIC-05","Candidate Subscriptions & Omnichannel Push Alert Engine","FEAT-0505","Omnichannel Dispatch Orchestrator","STORY-050501","As a platform operator, I need a centralized dispatch engine that sends alerts across all channels when a notification is published.","TASK-05050101","Build Notification Published Webhook Handler","SUB-0505010102","Implement subscriber matching query","Backend Engineer","P1","1.5 hours","READY","SUB-0505010101","Query returns correct matching subscribers","Sprint 4","Code Reviewer|Security Reviewer","PENDING","","Query user_subscriptions matching notification category, state, or exam_id using array overlap operators."
"EPIC-05","Candidate Subscriptions & Omnichannel Push Alert Engine","FEAT-0505","Omnichannel Dispatch Orchestrator","STORY-050501","As a platform operator, I need a centralized dispatch engine that sends alerts across all channels when a notification is published.","TASK-05050102","Build Omnichannel Dispatch Orchestrator Function","SUB-0505010201","Implement dispatchToAllChannels() with parallel execution","Backend Engineer","P1","3 hours","READY","TASK-05050101|TASK-05020102|TASK-05030102|TASK-05040101|TASK-05040102","All channels dispatched; failures isolated per channel","Sprint 4","Code Reviewer|Security Reviewer","PENDING","","Dispatch function using Promise.allSettled for parallel channel delivery with per-channel error handling."
"EPIC-06","File Storage, Caching & CDN Infrastructure","FEAT-0601","Supabase Storage Bucket Configuration","STORY-060101","As a platform operator, I need secure file storage for notification PDFs and exam logos.","TASK-06010101","Create Supabase Storage Buckets with Access Policies","SUB-0601010101","Create public-notifications bucket with public read policy","DevOps Engineer","P1","30 minutes","READY","","PDF files publicly downloadable via CDN URL","Sprint 2","DevOps Reviewer|Security Reviewer","PENDING","","Bucket for official notification PDFs accessible to all users."
"EPIC-06","File Storage, Caching & CDN Infrastructure","FEAT-0601","Supabase Storage Bucket Configuration","STORY-060101","As a platform operator, I need secure file storage for notification PDFs and exam logos.","TASK-06010101","Create Supabase Storage Buckets with Access Policies","SUB-0601010102","Create public-logos bucket and draft-attachments bucket","DevOps Engineer","P1","30 minutes","READY","","Both buckets created with correct access policies","Sprint 2","DevOps Reviewer|Security Reviewer","PENDING","","Logo bucket for exam body logos (public), draft-attachments for scraper uploads (admin only)."
"EPIC-06","File Storage, Caching & CDN Infrastructure","FEAT-0601","Supabase Storage Bucket Configuration","STORY-060101","As a platform operator, I need secure file storage for notification PDFs and exam logos.","TASK-06010102","Build File Upload Utility with Validation","SUB-0601010201","Implement uploadFile() with MIME type and size validation","Backend Engineer","P1","2 hours","READY","TASK-06010101","Invalid files rejected with descriptive error; valid files uploaded","Sprint 2","Code Reviewer|Security Reviewer","PENDING","","Validate file extension, MIME type, and size before uploading to Supabase Storage."
"EPIC-06","File Storage, Caching & CDN Infrastructure","FEAT-0602","ISR Revalidation & Cache Purge Workflows","STORY-060201","As a platform operator, I need cache invalidation to ensure candidates see fresh content after updates.","TASK-06020101","Add Cache Tags and Revalidation to All Mutation Actions","SUB-0602010101","Add revalidation calls to publish, update, and archive actions","Frontend Engineer","P1","2 hours","READY","TASK-03020104","Cache invalidated after each mutation","Sprint 2","Code Reviewer|Performance Reviewer","PENDING","","Insert revalidatePath and revalidateTag calls at the end of each Server Action."
"EPIC-07","Observability, Analytics & Error Monitoring","FEAT-0701","Sentry Full-Stack Error Tracking","STORY-070101","As a developer, I need automatic error tracking so I can diagnose and fix production issues quickly.","TASK-07010101","Install & Configure Sentry SDK for Next.js","SUB-0701010101","Install @sentry/nextjs and run setup wizard","DevOps Engineer","P1","1 hour","READY","","Sentry config files created","Sprint 4","DevOps Reviewer|Security Reviewer","PENDING","","npx @sentry/wizard@latest -i nextjs to scaffold Sentry configuration files."
"EPIC-07","Observability, Analytics & Error Monitoring","FEAT-0701","Sentry Full-Stack Error Tracking","STORY-070101","As a developer, I need automatic error tracking so I can diagnose and fix production issues quickly.","TASK-07010101","Install & Configure Sentry SDK for Next.js","SUB-0701010102","Configure SENTRY_DSN env var and source map upload","DevOps Engineer","P1","1 hour","READY","SUB-0701010101","Source maps uploaded; stack traces readable in Sentry","Sprint 4","DevOps Reviewer|Security Reviewer","PENDING","","Set DSN in .env.local and Vercel; configure source map uploads in next.config.js."
"EPIC-07","Observability, Analytics & Error Monitoring","FEAT-0701","Sentry Full-Stack Error Tracking","STORY-070101","As a developer, I need automatic error tracking so I can diagnose and fix production issues quickly.","TASK-07010102","Install & Configure Sentry SDK for Python Scraper","SUB-0701010201","Initialize Sentry in FastAPI with traces_sample_rate","Backend Engineer","P1","45 minutes","READY","","Sentry captures Python scraper errors","Sprint 4","Code Reviewer|Security Reviewer","PENDING","","sentry_sdk.init(dsn=os.environ['SENTRY_DSN'], integrations=[FastApiIntegration()])."
"EPIC-07","Observability, Analytics & Error Monitoring","FEAT-0702","GA4 & PostHog Product Analytics","STORY-070201","As a product manager, I need analytics data to understand user behavior and optimize the portal.","TASK-07020101","Integrate GA4 and PostHog Analytics Scripts","SUB-0702010101","Add GA4 script and PostHog initialization in app/layout.tsx","Frontend Engineer","P2","1.5 hours","READY","","Both analytics tools receive page view events","Sprint 4","Code Reviewer","PENDING","","Load GA4 via Script component and initialize PostHog client."
"EPIC-07","Observability, Analytics & Error Monitoring","FEAT-0702","GA4 & PostHog Product Analytics","STORY-070201","As a product manager, I need analytics data to understand user behavior and optimize the portal.","TASK-07020101","Integrate GA4 and PostHog Analytics Scripts","SUB-0702010102","Create useAnalytics hook for custom event tracking","Frontend Engineer","P2","2 hours","READY","SUB-0702010101","Custom events appear in PostHog dashboard","Sprint 4","Code Reviewer","PENDING","","Hook wrapping PostHog capture for search_performed, notification_viewed, filter_applied events."
"EPIC-07","Observability, Analytics & Error Monitoring","FEAT-0703","Scraper Heartbeat Monitoring & Alerts","STORY-070301","As a platform operator, I need to know immediately when a crawler fails.","TASK-07030101","Create Healthchecks.io Monitors & Integrate Heartbeat Pings","SUB-0703010101","Create 4 Healthchecks.io checks and configure Telegram alert channel","DevOps Engineer","P1","1.5 hours","READY","","Checks created and Telegram integration verified","Sprint 4","DevOps Reviewer|Security Reviewer","PENDING","","One check per crawler with daily schedule; Telegram integration for failure alerts."
"EPIC-07","Observability, Analytics & Error Monitoring","FEAT-0703","Scraper Heartbeat Monitoring & Alerts","STORY-070301","As a platform operator, I need to know immediately when a crawler fails.","TASK-07030101","Create Healthchecks.io Monitors & Integrate Heartbeat Pings","SUB-0703010102","Add heartbeat ping calls to crawler modules","Backend Engineer","P1","1 hour","READY","SUB-0703010101","Successful crawls ping /; failed crawls ping /fail","Sprint 4","Code Reviewer|Security Reviewer","PENDING","","HTTP ping to Healthchecks.io URL at end of each successful crawl; /fail ping on error."
"EPIC-08","Public REST API & OpenAPI Documentation","FEAT-0801","Public REST API Endpoints","STORY-080101","As a third-party developer, I need a public API to access exam notification data programmatically.","TASK-08010101","Build GET /api/v1/notifications Route Handler","SUB-0801010101","Create Zod schema for notification query params and implement handler","Backend Engineer","P1","3 hours","READY","TASK-02020101|TASK-01040102","Invalid params return 400 RFC 7807 error","Sprint 4","Code Reviewer|Security Reviewer","PENDING","","Validate limit, offset, category, state, sort query params with Zod. Return typed JSON response."
"EPIC-08","Public REST API & OpenAPI Documentation","FEAT-0801","Public REST API Endpoints","STORY-080101","As a third-party developer, I need a public API to access exam notification data programmatically.","TASK-08010102","Build GET /api/v1/exams and GET /api/v1/search Route Handlers","SUB-0801010201","Implement exams and search endpoints with Zod validation","Backend Engineer","P1","3 hours","READY","TASK-08010101","Endpoints return correct JSON responses","Sprint 4","Code Reviewer|Security Reviewer","PENDING","","Two route handlers with query validation and Supabase data access."
"EPIC-08","Public REST API & OpenAPI Documentation","FEAT-0802","OpenAPI 3.0 Specification & Documentation","STORY-080201","As a developer, I need interactive API documentation to understand available endpoints.","TASK-08020101","Write OpenAPI 3.0 Spec and Host Interactive Docs","SUB-0802010101","Create openapi.yaml spec and /api/docs page","Backend Engineer","P2","3 hours","READY","TASK-08010102","Spec validates and docs page renders","Sprint 4","Code Reviewer|Security Reviewer","PENDING","","Document all endpoints with path, parameters, request/response schemas, and status codes."
"EPIC-09","Testing, QA & Lighthouse Performance Validation","FEAT-0901","Vitest Unit & Integration Test Suite","STORY-090101","As a developer, I need automated unit tests to catch regressions before deployment.","TASK-09010101","Configure Vitest with Next.js & TypeScript Support","SUB-0901010101","Install Vitest and create vitest.config.ts","QA Engineer","P0","1.5 hours","READY","","Sample test runs successfully","Sprint 4","QA Reviewer","PENDING","","Configure Vitest with alias resolution matching tsconfig paths."
"EPIC-09","Testing, QA & Lighthouse Performance Validation","FEAT-0901","Vitest Unit & Integration Test Suite","STORY-090101","As a developer, I need automated unit tests to catch regressions before deployment.","TASK-09010102","Write Unit Tests for Zod Validation Schemas","SUB-0901010201","Write schema validation tests for all Zod schemas","QA Engineer","P0","3 hours","READY","TASK-09010101","Each schema has >= 5 test cases covering valid/invalid inputs","Sprint 4","QA Reviewer","PENDING","","Test valid inputs pass, invalid inputs throw ZodError with correct messages."
"EPIC-09","Testing, QA & Lighthouse Performance Validation","FEAT-0901","Vitest Unit & Integration Test Suite","STORY-090101","As a developer, I need automated unit tests to catch regressions before deployment.","TASK-09010103","Write Unit Tests for JSON-LD Schema Generators","SUB-0901010301","Write JSON-LD generator tests","QA Engineer","P0","2 hours","READY","TASK-09010101","Output contains all required properties","Sprint 4","QA Reviewer","PENDING","","Test generateJobPostingJsonLd() and generateEventJsonLd() with sample notification data."
"EPIC-09","Testing, QA & Lighthouse Performance Validation","FEAT-0902","Playwright E2E Test Suite","STORY-090201","As a QA engineer, I need E2E tests covering critical user journeys.","TASK-09020101","Configure Playwright & Write Candidate Flow E2E Tests","SUB-0902010101","Configure playwright.config.ts and create candidate flow spec","QA Engineer","P0","4 hours","READY","","Test navigates through candidate flow without errors","Sprint 4","QA Reviewer","PENDING","","Multi-browser config with baseURL. Candidate spec: home â†’ filter â†’ search â†’ detail."
"EPIC-09","Testing, QA & Lighthouse Performance Validation","FEAT-0902","Playwright E2E Test Suite","STORY-090201","As a QA engineer, I need E2E tests covering critical user journeys.","TASK-09020102","Write Admin HITL Flow E2E Tests","SUB-0902010201","Create admin HITL E2E spec with login and approval flow","QA Engineer","P0","4 hours","READY","TASK-09020101","Full admin flow completes without errors","Sprint 4","QA Reviewer","PENDING","","Test: login as admin â†’ draft queue â†’ review â†’ approve â†’ verify on candidate portal."
"EPIC-09","Testing, QA & Lighthouse Performance Validation","FEAT-0903","Lighthouse CI & Rich Results Validation","STORY-090301","As a platform operator, I need automated Lighthouse and Rich Results validation to enforce quality standards.","TASK-09030101","Configure Lighthouse CI with Score Assertions","SUB-0903010101","Create lighthouserc.js with URL list and assertions","QA Engineer","P0","2 hours","READY","","Config file created with correct URLs and thresholds","Sprint 4","QA Reviewer","PENDING","","Configure Lighthouse CI to audit homepage and sample detail page with score assertions."
"EPIC-09","Testing, QA & Lighthouse Performance Validation","FEAT-0903","Lighthouse CI & Rich Results Validation","STORY-090301","As a platform operator, I need automated Lighthouse and Rich Results validation to enforce quality standards.","TASK-09030102","Document Rich Results Validation Procedure","SUB-0903010201","Create Rich Results validation guide and run initial test","SEO Engineer","P0","1.5 hours","READY","TASK-02030103","Guide created; initial test passes","Sprint 4","SEO Reviewer","PENDING","","Step-by-step guide with expected Schema.org validation results."
